model,lm_stat,lm_pvalue,f_stat,f_pvalue
Model 1,2.20014460811927,0.33284701663747673,1.0816643244403041,0.3473198403578757
Model 2,2.6620987146815045,0.4467066927621025,0.8622867902914283,0.4674406388611123
Model 3,5.167578994270983,0.39577302801695546,1.0143261088615665,0.42077211875428033
