comparison,lr_statistic,p_value,df_diff,aic_restricted,aic_unrestricted,bic_restricted,bic_unrestricted
M1 vs M2 (adds reference condition),0.0006139705240002513,0.9802316972571482,1,334.73406998047517,336.73345600995117,340.4701389967596,344.3815480316637
M2 vs M3 (adds interaction),2.3195813341937424,0.31355181072394317,2,336.73345600995117,338.4138746757574,344.3815480316637,349.8860127083263
